{"emitter":{"ShowEmitterBoundBox":false,"ShowEmitter":false,"EmitterLifeMax":-1,"Transform":{"00":1,"01":0,"02":0,"03":0,"10":0,"11":1,"12":0,"13":0,"20":0,"21":0,"22":1,"23":0,"30":-30.369403839111328,"31":6.8996615409851074,"32":-33.761283874511719,"33":1},"SpawnRate":21,"Lifetime":4,"LifetimeVariation":0,"EmissionDuration":1836.327392578125,"Loop":true,"Speed":0.20000000298023224,"SpeedVariation":0,"BoundingBox_min":{"x":-0.5,"y":-0.5,"z":-0.5},"BoundingBox_max":{"x":0.5,"y":0.5,"z":0.5},"Type":2,"ParticleFacingOptions":1,"URadius":0.075000002980232239,"BRadius":0.05000000074505806,"heigth":0.5}}