{"emitter":{"EmitterLifeMax":-1,"Transform":{"00":1,"01":0,"02":0,"03":0,"10":0,"11":1,"12":0,"13":0,"20":0,"21":0,"22":1,"23":0,"30":-33.343791961669922,"31":7.3655071258544922,"32":-43.255588531494141,"33":1},"SpawnRate":63,"Lifetime":8,"LifetimeVariation":1,"EmissionDuration":3220.049560546875,"Loop":true,"Speed":0.075000002980232239,"SpeedVariation":0,"BoundingBox_min":{"x":-0.5,"y":-0.5,"z":-0.5},"BoundingBox_max":{"x":0.5,"y":0.5,"z":0.5},"EmissionType":1,"Type":2,"ParticleFacingOptions":1,"URadius":0.10000000149011612,"BRadius":0.05000000074505806,"heigth":0.5}}