{"emitter":{"EmitterLifeMax":-1,"Transform":{"00":1,"01":0,"02":0,"03":0,"10":0,"11":1,"12":0,"13":0,"20":0,"21":0,"22":1,"23":0,"30":0,"31":0.96075773239135742,"32":0,"33":1},"SpawnRate":50,"Lifetime":2,"LifetimeVariation":0,"EmissionDuration":98.525421142578125,"Loop":true,"Speed":3.5,"SpeedVariation":1,"BoundingBox_min":{"x":-0.5,"y":-0.5,"z":-0.5},"BoundingBox_max":{"x":0.5,"y":0.5,"z":0.5},"EmissionType":1,"Type":2,"ParticleFacingOptions":1,"URadius":0.30000001192092896,"BRadius":0.20000000298023224,"heigth":0.5}}