{"emitter":{"EmitterLifeMax":-1,"Transform":{"00":1,"01":0,"02":0,"03":0,"10":0,"11":1,"12":0,"13":0,"20":0,"21":0,"22":1,"23":0,"30":0,"31":0,"32":0,"33":1},"SpawnRate":50,"Lifetime":3,"LifetimeVariation":0,"EmissionDuration":759.94305419921875,"Loop":true,"Speed":0.10000000149011612,"SpeedVariation":0,"BoundingBox_min":{"x":-0.5,"y":-0.5,"z":-0.5},"BoundingBox_max":{"x":0.5,"y":0.5,"z":0.5},"EmissionType":1,"Type":2,"ParticleFacingOptions":1,"URadius":0.89999997615814209,"BRadius":0.20000000298023224,"heigth":0.5}}