{"emitter":{"ShowEmitterBoundBox":false,"ShowEmitter":false,"EmitterLifeMax":-1,"Transform":{"00":1,"01":0,"02":0,"03":0,"10":0,"11":1,"12":0,"13":0,"20":0,"21":0,"22":1,"23":0,"30":-41.063468933105469,"31":7.3042678833007813,"32":-43.254554748535156,"33":1},"SpawnRate":63,"Lifetime":4.1999998092651367,"LifetimeVariation":0,"EmissionDuration":1899.10107421875,"Loop":true,"Speed":0.75,"SpeedVariation":0,"BoundingBox_min":{"x":-0.5,"y":-0.5,"z":-0.5},"BoundingBox_max":{"x":0.5,"y":0.5,"z":0.5},"Type":2,"ParticleFacingOptions":1,"URadius":0.10000000149011612,"BRadius":0.05000000074505806,"heigth":0.5}}