{"emitter":{"ShowEmitterBoundBox":false,"ShowEmitter":false,"EmitterLifeMax":-1,"Transform":{"00":1,"01":0,"02":0,"03":0,"10":0,"11":1,"12":0,"13":0,"20":0,"21":0,"22":1,"23":0,"30":-43.148952484130859,"31":7.4277420043945313,"32":-32.697708129882813,"33":1},"SpawnRate":49,"Lifetime":3,"LifetimeVariation":1,"EmissionDuration":795.6551513671875,"Loop":true,"Speed":0.25,"SpeedVariation":0,"BoundingBox_min":{"x":-0.5,"y":-0.5,"z":-0.5},"BoundingBox_max":{"x":0.5,"y":0.5,"z":0.5},"EmissionType":1,"Type":2,"ParticleFacingOptions":1,"URadius":0.15000000596046448,"BRadius":0.05000000074505806,"heigth":0.5}}