{
  "GameObjects": [
    {
      "name": "Camera",
      "UUID": 578634466,
      "UUID_Parent": 0,
      "Active": false,
      "Static": false,
      "Components": [
        {
          "UUID": 577868635,
          "UUID_Parent": 578634466,
          "Active": true,
          "Type": 0,
          "Position": {
            "x": 1,
            "y": 2,
            "z": 3
          },
          "Scale": {
            "x": 1,
            "y": 1,
            "z": 1
          },
          "Rotation": {
            "x": 0.36004218459129333,
            "y": 0.19662821292877197,
            "z": 0.46382695436477661,
            "w": 0.78522080183029175
          }
        },
        {
          "UUID": 579818023,
          "UUID_Parent": 578634466,
          "Active": true,
          "Type": 3,
          "Frustum_Type": 2,
          "Near_Plane": 0.10000000149011612,
          "Far_Plane": 400,
          "FOV_Vertical": 1.7453292608261108,
          "Position": {
            "x": 1,
            "y": 2,
            "z": 3
          },
          "Up": {
            "x": -0.58682429790496826,
            "y": 0.31046837568283081,
            "z": 0.74782812595367432
          },
          "Front": {
            "x": 0.64278769493103027,
            "y": -0.38302230834960938,
            "z": 0.66341394186019897
          },
          "FrustumCulling": false,
          "MainCamera": false,
          "DebugDrawFrustum": false
        }
      ]
    }
  ]
}
